{"cameraMode":{"drawMode":0,"name":"Shaded","section":"Shading Mode"},"sceneLighting":true,"audioPlay":false,"sceneViewState":{"showFog":true,"showMaterialUpdate":false,"showSkybox":true,"showFlares":true,"showImageEffects":true,"showParticleSystems":true},"in2DMode":false,"pivot":{"x":0.6549065709114075,"y":0.1026148796081543,"z":0.869526743888855},"rotation":{"x":-0.1711602360010147,"y":0.7617487907409668,"z":-0.22343012690544129,"w":-0.5835437178611755},"size":3.007394790649414,"orthographic":false}