{"cameraMode":{"drawMode":0,"name":"Shaded","section":"Shading Mode"},"sceneLighting":true,"audioPlay":false,"sceneViewState":{"showFog":true,"showMaterialUpdate":false,"showSkybox":true,"showFlares":true,"showImageEffects":true,"showParticleSystems":true},"in2DMode":false,"pivot":{"x":-5.875566482543945,"y":-3.6155624389648439,"z":4.916590690612793},"rotation":{"x":-0.358818918466568,"y":-0.19656825065612794,"z":0.07786014676094055,"w":-0.9092982411384583},"size":4.273155689239502,"orthographic":false}