{"cameraMode":{"drawMode":0,"name":"Shaded","section":"Shading Mode"},"sceneLighting":true,"audioPlay":false,"sceneViewState":{"showFog":true,"showMaterialUpdate":false,"showSkybox":true,"showFlares":true,"showImageEffects":true,"showParticleSystems":true},"in2DMode":false,"pivot":{"x":18.752269744873048,"y":-4.1574835777282719,"z":-2.5539233684539797},"rotation":{"x":-0.060477979481220248,"y":-0.6695024967193604,"z":0.05557037144899368,"w":-0.738483190536499},"size":13.566099166870118,"orthographic":false}