{"cameraMode":{"drawMode":0,"name":"Shaded","section":"Shading Mode"},"sceneLighting":true,"audioPlay":false,"sceneViewState":{"showFog":true,"showMaterialUpdate":false,"showSkybox":true,"showFlares":true,"showImageEffects":true,"showParticleSystems":true},"in2DMode":false,"pivot":{"x":14.605913162231446,"y":-10.593435287475586,"z":6.793400764465332},"rotation":{"x":-0.22130095958709718,"y":-0.4609183371067047,"z":0.12055402249097824,"w":-0.8511075377464294},"size":20.07894515991211,"orthographic":false}